domain,name,template
firmakonum.com.tr,Firma Konum,map-directory
firmahub.com.tr,Firma Hub,sector-exchange
firmalarimiz.com.tr,Firmalarımız,city-board
esnafagi.com.tr,Esnaf Ağı,neighborhood-radar
firmakonumbul.com.tr,Firma Konum Bul,local-map-landing
firmatoplulugu.com.tr,Firma Topluluğu,social-feed
kobibirligi.com.tr,KOBİ Birliği,corporate
kobimercek.com.tr,KOBİ Mercek,decision-desk
sehirvitrini.com.tr,Şehir Vitrini,premium-showcase
bulnex.com.tr,Bulnex,orbit-directory
bulmino.com.tr,Bulmino,split-hero
bulvera.com.tr,Bulvera,signal-station
kobilocal.com.tr,KOBİ Local,local-map-landing
yerelspot.com.tr,Yerel Spot,city-pulse
servicebul.com.tr,Service Bul,service-console
localhizmet.com.tr,Local Hizmet,quick-quote
hizmetto.com.tr,Hizmetto,quick-quote
kentigo.com.tr,Kentigo,city-pulse
kentiva.com.tr,Kentiva,city-journal
bizbul.com.tr,Biz Bul,category-atlas
aradiginisletme.com.tr,Aradığın İşletme,category-atlas
localbul.com.tr,Local Bul,map-directory
kobiflow.com.tr,KOBİ Flow,service-console
esnafmeydani.com.tr,Esnaf Meydanı,craft-market
yakino.com.tr,Yakino,neighborhood-radar
cityesnaf.com.tr,City Esnaf,city-board
esnafy.com.tr,Esnafy,pocket-stories
kentlist.com.tr,Kent List,classifieds-board
yerelkatalog.com.tr,Yerel Katalog,category-atlas
yerelgo.com.tr,Yerel Go,departure-board
firmasor.com.tr,Firma Sor,decision-desk
vipfirma.com.tr,VIP Firma,premium-showcase
firmio.com.tr,Firmio,orbit-directory
firmavitrin.com.tr,Firma Vitrin,premium-showcase
kuaforrehberi.com.tr,Kuaför Rehberi,craft-market
yerelpuan.com.tr,Yerel Puan,verified-trust
prestijli.com.tr,Prestijli,premium-showcase
firmayorum.com.tr,Firma Yorum,social-feed
tescilliesnaf.com.tr,Tescilli Esnaf,verified-trust
esnafpuani.com.tr,Esnaf Puanı,verified-trust
trakyafirmalar.com.tr,Trakya Firmalar,city-journal
kobivitrin.com.tr,KOBİ Vitrin,corporate
tekirdagfirmarehberi.com.tr,Tekirdağ Firma Rehberi,city-journal
